,Data Noturno,Unique Opens Noturno,,Data Diurno,Unique Opens Diurno,,Data Ad,Receita Diurno,Receita Noturno
,11/3/2025,"434,784",,11/4/2025,"450,707",,,R$ 0.00,R$ 0.00
,10/31/2025,"502,115",,11/3/2025,"526,952",,18/10/2022,"R$ 5,000.00",
,10/30/2025,"510,257",,11/2/2025,"524,817",,01/11/2022,"R$ 25,000.00",
,10/29/2025,"514,669",,11/1/2025,"561,721",,07/12/2022,"R$ 5,000.00",
,10/28/2025,"535,899",,10/31/2025,"557,513",,03/01/2023,"R$ 15,000.00",
,10/27/2025,"526,587",,10/30/2025,"564,380",,09/01/2023,"R$ 12,500.00",
,10/24/2025,"523,902",,10/29/2025,"567,886",,11/01/2023,"R$ 32,000.00",
,10/23/2025,"528,916",,10/28/2025,"608,204",,12/01/2023,"R$ 25,000.00",
,10/22/2025,"545,205",,10/27/2025,"603,454",,13/01/2023,"R$ 20,000.00",
,10/21/2025,"531,452",,10/26/2025,"566,328",,16/01/2023,"R$ 35,000.00",
,10/20/2025,"545,452",,10/25/2025,"553,723",,17/01/2023,"R$ 30,000.00",
,10/17/2025,"531,953",,10/24/2025,"600,029",,19/01/2023,"R$ 25,000.00",
,10/16/2025,"541,891",,10/23/2025,"590,220",,24/01/2023,"R$ 52,000.00",
,10/15/2025,"530,177",,10/22/2025,"594,539",,25/01/2023,"R$ 25,000.00",
,10/14/2025,"548,075",,10/21/2025,"587,731",,27/01/2023,"R$ 20,000.00",
,10/13/2025,"521,152",,10/20/2025,"589,348",,31/01/2023,"R$ 30,000.00",
,10/10/2025,"519,553",,10/19/2025,"582,212",,02/02/2023,"R$ 32,000.00",
,10/9/2025,"540,782",,10/18/2025,"571,641",,06/02/2023,"R$ 35,000.00",
,10/8/2025,"534,976",,10/17/2025,"598,054",,07/02/2023,"R$ 50,000.00",
,10/7/2025,"531,769",,10/16/2025,"586,363",,08/02/2023,"R$ 27,000.00",
,10/6/2025,"540,115",,10/15/2025,"575,487",,09/02/2023,"R$ 27,000.00",
,10/3/2025,"563,837",,10/14/2025,"579,085",,13/02/2023,"R$ 30,000.00",
,10/2/2025,"539,907",,10/13/2025,"568,559",,14/02/2023,"R$ 45,000.00",
,10/1/2025,"561,352",,10/12/2025,"567,951",,16/02/2023,"R$ 40,000.00",
,9/30/2025,"562,752",,10/11/2025,"559,031",,23/02/2023,"R$ 28,000.00",
,9/29/2025,"556,791",,10/10/2025,"572,701",,27/02/2023,"R$ 45,000.00",
,9/26/2025,"536,253",,10/9/2025,"574,546",,28/02/2023,"R$ 60,000.00",
,9/25/2025,"553,318",,10/8/2025,"589,549",,01/03/2023,"R$ 45,000.00",
,9/24/2025,"561,746",,10/7/2025,"630,299",,02/03/2023,"R$ 42,500.00",
,9/23/2025,"567,830",,10/6/2025,"597,332",,06/03/2023,"R$ 30,000.00",
,9/22/2025,"568,031",,10/5/2025,"589,118",,07/03/2023,"R$ 73,000.00",
,9/19/2025,"558,298",,10/4/2025,"580,696",,08/03/2023,"R$ 53,000.00",
,9/18/2025,"555,789",,10/3/2025,"574,755",,09/03/2023,"R$ 30,000.00",
,9/17/2025,"555,918",,10/2/2025,"595,147",,10/03/2023,"R$ 35,000.00",
,9/16/2025,"583,914",,10/1/2025,"610,931",,13/03/2023,"R$ 60,500.00",
,9/15/2025,"563,681",,9/30/2025,"601,326",,14/03/2023,"R$ 35,000.00",
,9/12/2025,"571,075",,9/29/2025,"646,827",,15/03/2023,"R$ 72,000.00",
,9/11/2025,"576,643",,9/28/2025,"579,858",,16/03/2023,"R$ 42,000.00",
,9/10/2025,"581,769",,9/27/2025,"569,132",,20/03/2023,"R$ 48,000.00",
,9/9/2025,"569,187",,9/26/2025,"599,685",,21/03/2023,"R$ 42,000.00",
,9/8/2025,"579,108",,9/25/2025,"587,474",,22/03/2023,"R$ 73,500.00",
,9/5/2025,"570,019",,9/24/2025,"604,245",,23/03/2023,"R$ 58,000.00",
,9/4/2025,"563,772",,9/23/2025,"595,144",,28/03/2023,"R$ 35,000.00",
,9/3/2025,"567,165",,9/22/2025,"622,075",,29/03/2023,"R$ 35,000.00",
,9/2/2025,"582,242",,9/21/2025,"597,348",,30/03/2023,"R$ 10,000.00",
,9/1/2025,"587,989",,9/20/2025,"601,812",,03/04/2023,"R$ 50,000.00",
,8/29/2025,"569,995",,9/19/2025,"569,392",,04/04/2023,"R$ 53,000.00",
,8/28/2025,"594,657",,9/18/2025,"580,644",,05/04/2023,"R$ 55,000.00",
,8/27/2025,"581,916",,9/17/2025,"576,854",,06/04/2023,"R$ 13,500.00",
,8/26/2025,"594,666",,9/16/2025,"591,079",,07/04/2023,"R$ 5,000.00",
,8/25/2025,"599,604",,9/15/2025,"596,323",,10/04/2023,"R$ 47,000.00",
,8/22/2025,"600,242",,9/14/2025,"587,580",,11/04/2023,"R$ 45,000.00",
,8/21/2025,"571,952",,9/13/2025,"564,923",,12/04/2023,"R$ 52,300.00",
,8/20/2025,"590,160",,9/12/2025,"598,325",,13/04/2023,"R$ 55,000.00",
,8/19/2025,"579,766",,9/11/2025,"628,162",,14/04/2023,"R$ 10,000.00",
,8/18/2025,"619,139",,9/10/2025,"590,284",,17/04/2023,"R$ 62,000.00",
,8/15/2025,"534,874",,9/9/2025,"593,600",,18/04/2023,"R$ 61,500.00",
,8/14/2025,"555,756",,9/8/2025,"572,855",,19/04/2023,"R$ 65,000.00",
,8/13/2025,"556,022",,9/7/2025,"597,004",,20/04/2023,"R$ 35,000.00",
,8/12/2025,"573,053",,9/6/2025,"572,448",,24/04/2023,"R$ 40,000.00",
,8/11/2025,"569,159",,9/5/2025,"577,757",,25/04/2023,"R$ 30,000.00",
,8/8/2025,"584,146",,9/4/2025,"583,546",,26/04/2023,"R$ 50,000.00",
,8/7/2025,"572,296",,9/3/2025,"588,598",,27/04/2023,"R$ 30,000.00",
,8/6/2025,"591,554",,9/2/2025,"603,683",,28/04/2023,"R$ 20,000.00",
,8/5/2025,"586,901",,9/1/2025,"593,939",,01/05/2023,"R$ 28,000.00",
,8/4/2025,"571,443",,8/31/2025,"561,321",,02/05/2023,"R$ 30,000.00",
,8/3/2025,"6,907",,8/30/2025,"564,988",,03/05/2023,"R$ 35,000.00",
,8/1/2025,"560,351",,8/29/2025,"586,354",,04/05/2023,"R$ 38,000.00",
,7/31/2025,"573,733",,8/28/2025,"591,010",,05/05/2023,"R$ 33,000.00",
,7/30/2025,"537,196",,8/27/2025,"592,567",,08/05/2023,"R$ 52,000.00",
,7/29/2025,"507,078",,8/26/2025,"607,812",,09/05/2023,"R$ 30,000.00",
,7/28/2025,"453,767",,8/25/2025,"592,188",,10/05/2023,"R$ 47,500.00",
,7/25/2025,"247,763",,8/24/2025,"574,923",,11/05/2023,"R$ 30,000.00",
,7/24/2025,"247,209",,8/23/2025,"544,297",,12/05/2023,"R$ 25,000.00",
,7/23/2025,"247,313",,8/22/2025,"618,549",,15/05/2023,"R$ 65,000.00",
,7/22/2025,"234,764",,8/21/2025,"598,764",,16/05/2023,"R$ 37,000.00",
,7/21/2025,"274,297",,8/20/2025,"606,210",,17/05/2023,"R$ 67,500.00",
,,,,8/19/2025,"613,573",,18/05/2023,"R$ 50,000.00",
,,,,8/18/2025,"593,185",,19/05/2023,"R$ 45,000.00",
,,,,8/17/2025,"570,712",,22/05/2023,"R$ 10,000.00",
,,,,8/16/2025,"558,034",,23/05/2023,"R$ 39,800.00",
,,,,8/15/2025,"596,121",,24/05/2023,"R$ 20,000.00",
,,,,8/14/2025,"589,906",,25/05/2023,"R$ 55,000.00",
,,,,8/13/2025,"593,440",,26/05/2023,"R$ 55,000.00",
,,,,8/12/2025,"591,331",,29/05/2023,"R$ 50,000.00",
,,,,8/11/2025,"589,488",,30/05/2023,"R$ 35,000.00",
,,,,8/10/2025,"572,441",,31/05/2023,"R$ 45,000.00",
,,,,8/9/2025,"580,459",,01/06/2023,"R$ 43,000.00",
,,,,8/8/2025,"576,533",,02/06/2023,"R$ 57,500.00",
,,,,8/7/2025,"597,757",,05/06/2023,"R$ 48,000.00",
,,,,8/6/2025,"645,568",,06/06/2023,"R$ 50,000.00",
,,,,8/5/2025,"581,405",,07/06/2023,"R$ 35,000.00",
,,,,8/4/2025,"611,360",,09/06/2023,"R$ 10,000.00",
,,,,8/3/2025,"575,758",,12/06/2023,"R$ 47,000.00",
,,,,8/2/2025,"569,752",,13/06/2023,"R$ 67,500.00",
,,,,8/1/2025,"600,364",,14/06/2023,"R$ 60,000.00",
,,,,7/31/2025,"584,705",,15/06/2023,"R$ 60,000.00",
,,,,7/30/2025,"584,675",,16/06/2023,"R$ 35,500.00",
,,,,7/29/2025,"590,682",,19/06/2023,"R$ 70,000.00",
,,,,7/28/2025,"599,043",,20/06/2023,"R$ 60,000.00",
,,,,7/27/2025,"581,629",,21/06/2023,"R$ 53,000.00",
,,,,7/26/2025,"566,234",,22/06/2023,"R$ 56,000.00",
,,,,7/25/2025,"600,508",,23/06/2023,"R$ 55,000.00",
,,,,7/24/2025,"603,945",,26/06/2023,"R$ 35,000.00",
,,,,7/23/2025,"603,293",,27/06/2023,"R$ 69,718.40",
,,,,7/22/2025,"630,412",,28/06/2023,"R$ 22,500.00",
,,,,7/21/2025,"599,725",,29/06/2023,"R$ 55,000.00",
,,,,7/20/2025,"584,033",,30/06/2023,"R$ 46,250.00",
,,,,7/19/2025,"567,575",,03/07/2023,"R$ 30,000.00",
,,,,7/18/2025,"583,619",,04/07/2023,"R$ 35,000.00",
,,,,7/17/2025,"725,197",,05/07/2023,"R$ 10,000.00",
,,,,7/16/2025,"550,368",,06/07/2023,"R$ 15,000.00",
,,,,7/15/2025,"544,741",,07/07/2023,"R$ 5,000.00",
,,,,7/14/2025,"547,301",,10/07/2023,#REF!,
,,,,7/13/2025,"540,878",,11/07/2023,"R$ 60,000.00",
,,,,7/12/2025,"501,398",,12/07/2023,"R$ 37,500.00",
,,,,7/11/2025,"508,825",,13/07/2023,"R$ 58,000.00",
,,,,7/10/2025,"536,031",,14/07/2023,"R$ 53,000.00",
,,,,7/9/2025,"530,393",,17/07/2023,"R$ 58,000.00",
,,,,7/8/2025,"532,193",,18/07/2023,"R$ 34,800.00",
,,,,7/7/2025,"552,513",,19/07/2023,"R$ 60,000.00",
,,,,7/5/2025,"532,080",,20/07/2023,"R$ 51,500.00",
,,,,7/4/2025,"539,840",,21/07/2023,"R$ 38,500.00",
,,,,7/3/2025,"561,085",,24/07/2023,"R$ 60,000.00",
,,,,7/2/2025,"527,109",,25/07/2023,"R$ 31,250.00",
,,,,7/1/2025,"545,292",,26/07/2023,"R$ 50,000.00",
,,,,6/30/2025,"558,259",,27/07/2023,"R$ 63,000.00",
,,,,6/28/2025,"526,768",,28/07/2023,"R$ 5,000.00",
,,,,6/27/2025,"534,586",,31/07/2023,"R$ 35,000.00",
,,,,6/26/2025,"532,082",,01/08/2023,"R$ 47,000.00",
,,,,6/25/2025,"528,240",,02/08/2023,"R$ 20,000.00",
,,,,6/24/2025,"543,534",,03/08/2023,"R$ 21,890.00",
,,,,6/23/2025,"546,271",,04/08/2023,"R$ 45,500.00",
,,,,6/21/2025,"531,226",,07/08/2023,"R$ 69,000.00",
,,,,6/20/2025,"532,587",,08/08/2023,"R$ 55,000.00",
,,,,6/19/2025,"505,183",,09/08/2023,"R$ 35,000.00",
,,,,6/18/2025,"549,884",,10/08/2023,"R$ 20,000.00",
,,,,6/17/2025,"542,178",,11/08/2023,"R$ 20,820.00",
,,,,6/16/2025,"525,637",,14/08/2023,"R$ 8,000.00",
,,,,6/14/2025,"528,899",,15/08/2023,"R$ 50,000.00",
,,,,6/13/2025,"557,146",,16/08/2023,"R$ 64,800.00",
,,,,6/12/2025,"519,381",,17/08/2023,"R$ 35,000.00",
,,,,6/11/2025,"529,406",,18/08/2023,"R$ 15,000.00",
,,,,6/10/2025,"538,197",,21/08/2023,"R$ 18,000.00",
,,,,6/9/2025,"698,948",,22/08/2023,"R$ 35,000.00",
,,,,6/7/2025,"598,642",,23/08/2023,"R$ 59,000.00",
,,,,6/6/2025,"1,034,783",,24/08/2023,"R$ 55,942.00",
,,,,6/5/2025,"514,639",,25/08/2023,"R$ 64,000.00",
,,,,6/4/2025,"525,786",,28/08/2023,"R$ 56,000.00",
,,,,6/3/2025,"611,097",,29/08/2023,"R$ 35,000.00",
,,,,6/2/2025,"547,200",,30/08/2023,"R$ 32,000.00",
,,,,5/31/2025,"517,035",,31/08/2023,"R$ 65,000.00",
,,,,5/30/2025,"516,413",,01/09/2023,"R$ 65,000.00",
,,,,5/29/2025,"697,841",,04/09/2023,"R$ 70,000.00",
,,,,5/28/2025,"833,734",,05/09/2023,"R$ 61,000.00",
,,,,5/27/2025,"527,289",,06/09/2023,"R$ 70,000.00",
,,,,5/26/2025,"541,327",,07/09/2023,"R$ 50,000.00",
,,,,5/24/2025,"511,908",,08/09/2023,"R$ 20,000.00",
,,,,5/23/2025,"509,183",,11/09/2023,"R$ 43,000.00",
,,,,5/22/2025,"523,674",,12/09/2023,"R$ 47,000.00",
,,,,5/21/2025,"567,005",,13/09/2023,"R$ 63,000.00",
,,,,5/20/2025,"539,087",,14/09/2023,"R$ 58,000.00",
,,,,5/19/2025,"519,606",,15/09/2023,"R$ 63,000.00",
,,,,5/17/2025,"543,375",,18/09/2023,"R$ 65,500.00",
,,,,5/16/2025,"823,262",,19/09/2023,"R$ 61,000.00",
,,,,5/15/2025,"546,134",,20/09/2023,"R$ 57,000.00",
,,,,5/14/2025,"544,402",,21/09/2023,"R$ 45,000.00",
,,,,5/13/2025,"553,979",,22/09/2023,"R$ 72,500.00",
,,,,5/12/2025,"546,184",,25/09/2023,"R$ 38,000.00",
,,,,5/10/2025,"528,819",,26/09/2023,"R$ 52,000.00",
,,,,5/9/2025,"549,025",,27/09/2023,"R$ 35,000.00",
,,,,5/8/2025,"533,083",,28/09/2023,"R$ 71,000.00",
,,,,5/7/2025,"538,619",,29/09/2023,"R$ 103,250.00",
,,,,5/6/2025,"563,155",,02/10/2023,"R$ 70,000.00",
,,,,5/5/2025,"559,395",,03/10/2023,"R$ 61,000.00",
,,,,5/3/2025,"555,836",,04/10/2023,"R$ 52,000.00",
,,,,5/2/2025,"561,424",,05/10/2023,"R$ 53,000.00",
,,,,5/1/2025,"525,329",,06/10/2023,"R$ 60,000.00",
,,,,4/30/2025,"578,893",,07/10/2023,"R$ 5,000.00",
,,,,4/29/2025,"563,250",,09/10/2023,"R$ 61,500.00",
,,,,4/28/2025,"580,544",,10/10/2023,"R$ 72,500.00",
,,,,4/26/2025,"515,880",,11/10/2023,"R$ 72,000.00",
,,,,4/25/2025,"571,645",,12/10/2023,"R$ 43,000.00",
,,,,4/24/2025,"553,239",,13/10/2023,"R$ 7,500.00",
,,,,4/23/2025,"544,933",,16/10/2023,"R$ 54,500.00",
,,,,4/22/2025,"537,876",,17/10/2023,"R$ 65,000.00",
,,,,4/21/2025,"528,491",,18/10/2023,"R$ 65,000.00",
,,,,4/19/2025,"525,140",,19/10/2023,"R$ 40,000.00",
,,,,4/18/2025,"500,140",,20/10/2023,"R$ 25,500.00",
,,,,4/17/2025,"534,684",,21/10/2023,"R$ 10,000.00",
,,,,4/16/2025,"560,072",,23/10/2023,"R$ 70,000.00",
,,,,4/15/2025,"581,591",,24/10/2023,"R$ 45,000.00",
,,,,4/14/2025,"540,192",,25/10/2023,"R$ 33,750.00",
,,,,4/12/2025,"526,541",,26/10/2023,"R$ 51,750.00",
,,,,4/11/2025,"543,210",,27/10/2023,"R$ 40,000.00",
,,,,4/10/2025,"565,159",,28/10/2023,"R$ 5,000.00",
,,,,4/9/2025,"567,305",,30/10/2023,"R$ 60,000.00",
,,,,4/8/2025,"582,164",,31/10/2023,"R$ 40,000.00",
,,,,4/7/2025,"558,721",,01/11/2023,"R$ 42,000.00",
,,,,4/5/2025,"549,146",,02/11/2023,"R$ 23,000.00",
,,,,4/4/2025,"549,775",,03/11/2023,"R$ 51,000.00",
,,,,4/3/2025,"555,919",,04/11/2023,"R$ 13,000.00",
,,,,4/2/2025,"550,404",,06/11/2023,"R$ 66,500.00",
,,,,4/1/2025,"605,852",,07/11/2023,"R$ 48,500.00",
,,,,3/31/2025,"550,200",,08/11/2023,"R$ 34,125.00",
,,,,3/29/2025,"539,358",,09/11/2023,"R$ 54,800.00",
,,,,3/28/2025,"543,624",,10/11/2023,"R$ 70,000.00",
,,,,3/27/2025,"565,932",,11/11/2023,"R$ 57,000.00",
,,,,3/26/2025,"582,885",,13/11/2023,"R$ 60,000.00",
,,,,3/25/2025,"585,965",,14/11/2023,"R$ 65,000.00",
,,,,3/24/2025,"585,068",,15/11/2023,"R$ 50,000.00",
,,,,3/22/2025,"544,339",,16/11/2023,"R$ 62,500.00",
,,,,3/21/2025,"563,106",,17/11/2023,"R$ 61,750.00",
,,,,3/20/2025,"507,097",,18/11/2023,"R$ 9,000.00",
,,,,3/19/2025,"562,376",,20/11/2023,"R$ 68,000.00",
,,,,3/18/2025,"545,846",,21/11/2023,"R$ 72,750.00",
,,,,3/17/2025,"558,929",,22/11/2023,"R$ 58,000.00",
,,,,3/15/2025,"532,490",,23/11/2023,"R$ 84,000.00",
,,,,3/14/2025,"544,865",,24/11/2023,"R$ 84,000.00",
,,,,3/13/2025,"529,884",,25/11/2023,"R$ 35,000.00",
,,,,3/12/2025,"570,013",,27/11/2023,"R$ 59,500.00",
,,,,3/11/2025,"584,140",,28/11/2023,"R$ 52,500.00",
,,,,3/10/2025,"564,068",,29/11/2023,"R$ 49,500.00",
,,,,3/8/2025,"568,367",,30/11/2023,"R$ 65,625.00",
,,,,3/7/2025,"502,156",,01/12/2023,"R$ 13,141.00",
,,,,3/6/2025,"552,148",,02/12/2023,"R$ 20,000.00",
,,,,3/5/2025,"562,748",,04/12/2023,"R$ 70,094.00",
,,,,3/4/2025,"603,202",,05/12/2023,"R$ 64,250.00",
,,,,3/3/2025,"642,665",,06/12/2023,"R$ 15,000.00",
,,,,3/1/2025,"544,933",,07/12/2023,"R$ 69,000.00",
,,,,2/28/2025,"572,879",,08/12/2023,"R$ 53,500.00",
,,,,2/27/2025,"538,741",,09/12/2023,"R$ 7,500.00",
,,,,2/26/2025,"608,191",,11/12/2023,"R$ 56,848.57",
,,,,2/25/2025,"587,691",,12/12/2023,"R$ 53,000.00",
,,,,2/24/2025,"581,251",,13/12/2023,"R$ 68,000.00",
,,,,2/22/2025,"579,197",,14/12/2023,"R$ 62,000.00",
,,,,2/21/2025,"563,934",,15/12/2023,"R$ 70,760.00",
,,,,2/20/2025,"560,727",,16/12/2023,"R$ 12,000.00",
,,,,2/19/2025,"588,402",,18/12/2023,"R$ 62,000.00",
,,,,2/18/2025,"563,202",,19/12/2023,"R$ 50,097.64",
,,,,2/17/2025,"556,392",,20/12/2023,"R$ 43,848.57",
,,,,2/15/2025,"611,391",,21/12/2023,"R$ 69,688.00",
,,,,2/14/2025,"539,862",,22/12/2023,"R$ 12,500.00",
,,,,2/13/2025,"562,471",,27/12/2023,"R$ 7,132.05",
,,,,2/12/2025,"563,708",,28/12/2023,"R$ 25,000.00",
,,,,2/11/2025,"557,596",,05/01/2024,"R$ 4,852.82",
,,,,2/10/2025,"571,076",,08/01/2024,"R$ 52,500.00",
,,,,2/8/2025,"548,636",,09/01/2024,"R$ 41,000.00",
,,,,2/7/2025,"648,974",,10/01/2024,"R$ 47,500.00",
,,,,2/6/2025,"568,795",,11/01/2024,"R$ 42,500.00",
,,,,2/5/2025,"608,367",,12/01/2024,"R$ 26,000.00",
,,,,2/4/2025,"571,847",,13/01/2024,"R$ 7,500.00",
,,,,2/3/2025,"601,947",,15/01/2024,"R$ 36,000.00",
,,,,2/1/2025,"548,224",,16/01/2024,"R$ 50,000.00",
,,,,1/31/2025,"555,620",,17/01/2024,"R$ 53,500.00",
,,,,1/30/2025,"568,528",,18/01/2024,"R$ 42,740.00",
,,,,1/29/2025,"572,679",,19/01/2024,"R$ 58,557.60",
,,,,1/28/2025,"574,450",,20/01/2024,R$ 0.00,
,,,,1/27/2025,"555,014",,22/01/2024,"R$ 69,000.00",
,,,,1/25/2025,"534,329",,23/01/2024,"R$ 18,421.20",
,,,,1/24/2025,"544,800",,24/01/2024,"R$ 65,000.00",
,,,,1/23/2025,"545,411",,25/01/2024,"R$ 42,500.00",
,,,,1/22/2025,"541,309",,26/01/2024,"R$ 30,500.00",
,,,,1/21/2025,"550,140",,29/01/2024,"R$ 41,250.00",
,,,,1/20/2025,"557,546",,30/01/2024,"R$ 59,000.00",
,,,,1/18/2025,"614,453",,31/01/2024,"R$ 38,703.44",
,,,,1/17/2025,"519,845",,01/02/2024,"R$ 12,000.00",
,,,,1/16/2025,"549,119",,02/02/2024,"R$ 52,000.00",
,,,,1/15/2025,"537,105",,05/02/2024,"R$ 42,000.00",
,,,,1/14/2025,"568,635",,06/02/2024,"R$ 23,000.00",
,,,,1/13/2025,"554,148",,07/02/2024,"R$ 35,000.00",
,,,,1/11/2025,"553,392",,08/02/2024,"R$ 29,040.00",
,,,,1/10/2025,"532,547",,09/02/2024,"R$ 20,000.00",
,,,,1/9/2025,"533,710",,13/02/2024,"R$ 2,000.00",
,,,,1/8/2025,"554,163",,15/02/2024,"R$ 47,000.00",
,,,,1/7/2025,"532,972",,16/02/2024,R$ 0.00,
,,,,1/6/2025,"533,128",,19/02/2024,"R$ 61,250.00",
,,,,1/4/2025,"533,339",,20/02/2024,"R$ 55,740.74",
,,,,1/3/2025,"548,113",,21/02/2024,"R$ 45,998.57",
,,,,1/2/2025,"520,744",,22/02/2024,"R$ 66,500.00",
,,,,1/1/2025,"556,373",,23/02/2024,"R$ 23,462.96",
,,,,12/31/2024,"471,415",,24/02/2024,R$ 0.00,
,,,,12/30/2024,"557,649",,26/02/2024,"R$ 54,000.00",
,,,,12/27/2024,"506,440",,27/02/2024,"R$ 56,962.96",
,,,,12/26/2024,"485,661",,28/02/2024,"R$ 67,300.00",
,,,,12/25/2024,"461,782",,29/02/2024,"R$ 61,712.96",
,,,,12/24/2024,"457,491",,01/03/2024,"R$ 61,750.00",
,,,,12/23/2024,"508,696",,02/03/2024,"R$ 22,000.00",
,,,,12/21/2024,"493,722",,04/03/2024,"R$ 24,000.00",
,,,,12/20/2024,"553,700",,05/03/2024,"R$ 48,000.00",
,,,,12/19/2024,"506,525",,06/03/2024,"R$ 52,000.00",
,,,,12/18/2024,"537,083",,07/03/2024,"R$ 70,500.00",
,,,,12/17/2024,"507,987",,08/03/2024,"R$ 54,000.00",
,,,,12/16/2024,"529,350",,11/03/2024,"R$ 44,062.50",
,,,,12/14/2024,"474,150",,12/03/2024,"R$ 53,250.00",
,,,,12/13/2024,"487,291",,13/03/2024,"R$ 76,391.50",
,,,,12/12/2024,"549,360",,14/03/2024,"R$ 60,250.00",
,,,,12/11/2024,"527,968",,15/03/2024,"R$ 49,204.00",
,,,,12/10/2024,"518,110",,18/03/2024,"R$ 51,500.00",
,,,,12/9/2024,"501,001",,19/03/2024,"R$ 55,141.50",
,,,,12/7/2024,"494,068",,20/03/2024,"R$ 54,000.00",
,,,,12/6/2024,"541,775",,21/03/2024,"R$ 58,040.00",
,,,,12/5/2024,"501,873",,22/03/2024,"R$ 25,535.56",
,,,,12/4/2024,"550,049",,25/03/2024,"R$ 45,091.00",
,,,,12/3/2024,"508,852",,26/03/2024,"R$ 36,500.00",
,,,,12/2/2024,"508,345",,27/03/2024,"R$ 27,500.00",
,,,,11/30/2024,"495,162",,28/03/2024,"R$ 29,330.20",
,,,,11/29/2024,"495,803",,29/03/2024,"R$ 12,500.00",
,,,,11/28/2024,"514,605",,30/03/2024,"R$ 10,000.00",
,,,,11/27/2024,"548,482",,01/04/2024,"R$ 22,500.00",
,,,,11/26/2024,"524,545",,02/04/2024,"R$ 22,204.00",
,,,,11/25/2024,"513,285",,03/04/2024,"R$ 23,495.55",
,,,,11/23/2024,"498,037",,04/04/2024,"R$ 20,000.00",
,,,,11/22/2024,"527,806",,05/04/2024,"R$ 27,062.50",
,,,,11/21/2024,"511,413",,08/04/2024,"R$ 56,848.57",
,,,,11/20/2024,"493,319",,09/04/2024,"R$ 59,000.00",
,,,,11/19/2024,"524,643",,10/04/2024,"R$ 61,127.50",
,,,,11/18/2024,"531,698",,11/04/2024,"R$ 25,000.00",
,,,,11/16/2024,"528,433",,12/04/2024,"R$ 32,000.00",
,,,,11/15/2024,"486,625",,13/04/2024,"R$ 16,394.00",
,,,,11/14/2024,"526,678",,15/04/2024,"R$ 32,500.00",
,,,,11/13/2024,"512,399",,16/04/2024,"R$ 70,809.45",
,,,,11/12/2024,"554,642",,17/04/2024,"R$ 50,439.50",
,,,,11/11/2024,"529,880",,18/04/2024,"R$ 60,250.00",
,,,,11/9/2024,"549,786",,19/04/2024,"R$ 33,334.00",
,,,,11/8/2024,"514,288",,20/04/2024,"R$ 10,000.00",
,,,,11/7/2024,"502,971",,22/04/2024,"R$ 58,072.50",
,,,,11/6/2024,"541,653",,23/04/2024,"R$ 36,000.00",
,,,,11/5/2024,"509,529",,24/04/2024,"R$ 29,545.00",
,,,,11/4/2024,"519,221",,25/04/2024,"R$ 63,250.00",
,,,,11/2/2024,"528,019",,26/04/2024,"R$ 58,000.00",
,,,,11/1/2024,"528,118",,27/04/2024,"R$ 7,376.75",
,,,,10/31/2024,"495,864",,29/04/2024,"R$ 58,250.00",
,,,,10/30/2024,"515,337",,30/04/2024,"R$ 43,102.00",
,,,,10/29/2024,"534,478",,01/05/2024,"R$ 22,204.00",
,,,,10/28/2024,"522,439",,02/05/2024,"R$ 57,040.00",
,,,,10/26/2024,"503,336",,03/05/2024,"R$ 25,000.00",
,,,,10/25/2024,"489,467",,04/05/2024,"R$ 10,000.00",
,,,,10/24/2024,"514,565",,06/05/2024,"R$ 47,500.00",
,,,,10/23/2024,"541,086",,07/05/2024,"R$ 63,428.75",
,,,,10/22/2024,"524,808",,08/05/2024,"R$ 62,857.00",
,,,,10/21/2024,"522,720",,09/05/2024,"R$ 56,000.00",
,,,,10/19/2024,"538,831",,10/05/2024,"R$ 14,014.84",
,,,,10/18/2024,"504,825",,11/05/2024,"R$ 7,376.75",
,,,,10/17/2024,"494,573",,13/05/2024,"R$ 38,636.00",
,,,,10/16/2024,"523,443",,14/05/2024,"R$ 30,000.00",
,,,,10/15/2024,"557,638",,15/05/2024,"R$ 57,428.75",
,,,,10/14/2024,"514,711",,16/05/2024,"R$ 29,062.50",
,,,,10/12/2024,"483,297",,17/05/2024,"R$ 30,909.00",
,,,,10/11/2024,"516,310",,20/05/2024,"R$ 20,000.00",
,,,,10/10/2024,"515,684",,21/05/2024,"R$ 39,333.57",
,,,,10/9/2024,"515,710",,22/05/2024,"R$ 58,250.00",
,,,,10/8/2024,"498,318",,23/05/2024,"R$ 38,428.75",
,,,,10/7/2024,"524,083",,24/05/2024,"R$ 52,569.45",
,,,,10/5/2024,"508,747",,25/05/2024,"R$ 13,213.75",
,,,,10/4/2024,"498,657",,27/05/2024,"R$ 54,825.52",
,,,,10/3/2024,"504,602",,28/05/2024,"R$ 57,933.34",
,,,,10/2/2024,"520,410",,29/05/2024,"R$ 59,645.00",
,,,,10/1/2024,"521,594",,30/05/2024,"R$ 20,834.00",
,,,,9/30/2024,"507,669",,31/05/2024,"R$ 18,421.20",
,,,,9/28/2024,"535,906",,01/06/2024,"R$ 15,000.00",
,,,,9/27/2024,"516,725",,03/06/2024,"R$ 18,600.00",
,,,,9/26/2024,"541,594",,04/06/2024,"R$ 71,000.27",
,,,,9/25/2024,"514,517",,05/06/2024,"R$ 63,456.00",
,,,,9/24/2024,"519,322",,06/06/2024,"R$ 37,500.00",
,,,,9/23/2024,"525,339",,07/06/2024,"R$ 48,000.00",
,,,,9/21/2024,"485,008",,08/06/2024,"R$ 32,706.00",
,,,,9/20/2024,"511,001",,10/06/2024,"R$ 64,955.28",
,,,,9/19/2024,"524,229",,11/06/2024,"R$ 51,562.50",
,,,,9/18/2024,"521,182",,12/06/2024,"R$ 43,000.00",
,,,,9/17/2024,"533,720",,13/06/2024,"R$ 58,000.00",
,,,,9/16/2024,"527,931",,14/06/2024,"R$ 31,500.00",
,,,,9/14/2024,"504,970",,15/06/2024,"R$ 15,384.50",
,,,,9/13/2024,"531,073",,17/06/2024,"R$ 71,500.00",
,,,,9/12/2024,"526,365",,18/06/2024,"R$ 57,252.54",
,,,,9/11/2024,"528,547",,19/06/2024,"R$ 39,615.50",
,,,,9/10/2024,"536,062",,20/06/2024,"R$ 60,713.27",
,,,,9/9/2024,"513,226",,21/06/2024,"R$ 40,458.75",
,,,,9/7/2024,"517,340",,22/06/2024,"R$ 33,400.00",
,,,,9/6/2024,"518,356",,24/06/2024,"R$ 31,250.00",
,,,,9/5/2024,"524,301",,25/06/2024,"R$ 61,416.70",
,,,,9/4/2024,"517,070",,26/06/2024,"R$ 86,372.50",
,,,,9/3/2024,"508,131",,27/06/2024,"R$ 42,375.28",
,,,,9/2/2024,"518,565",,28/06/2024,"R$ 68,083.33",
,,,,8/31/2024,"517,782",,29/06/2024,"R$ 47,500.00",
,,,,8/30/2024,"508,368",,01/07/2024,"R$ 65,347.00",
,,,,8/29/2024,"501,248",,02/07/2024,"R$ 43,878.58",
,,,,8/28/2024,"515,494",,03/07/2024,"R$ 40,860.00",
,,,,8/27/2024,"520,025",,04/07/2024,"R$ 51,960.84",
,,,,8/26/2024,"498,929",,05/07/2024,"R$ 25,303.45",
,,,,8/24/2024,"505,943",,08/07/2024,"R$ 50,100.00",
,,,,8/23/2024,"488,522",,09/07/2024,"R$ 22,203.00",
,,,,8/22/2024,"473,711",,10/07/2024,"R$ 57,500.00",
,,,,8/21/2024,"498,927",,11/07/2024,"R$ 49,134.50",
,,,,8/20/2024,"497,774",,12/07/2024,"R$ 63,473.00",
,,,,8/19/2024,"491,062",,13/07/2024,"R$ 5,000.00",
,,,,8/17/2024,"496,449",,15/07/2024,"R$ 52,204.53",
,,,,8/16/2024,"489,722",,16/07/2024,"R$ 59,583.33",
,,,,8/15/2024,"478,839",,17/07/2024,"R$ 52,250.00",
,,,,8/14/2024,"476,263",,18/07/2024,"R$ 38,500.00",
,,,,8/13/2024,"485,910",,19/07/2024,"R$ 22,500.00",
,,,,8/12/2024,"490,635",,20/07/2024,R$ 0.00,
,,,,8/10/2024,"472,580",,22/07/2024,"R$ 39,383.80",
,,,,8/9/2024,"513,589",,23/07/2024,"R$ 54,395.54",
,,,,8/8/2024,"486,851",,24/07/2024,"R$ 31,250.00",
,,,,8/7/2024,"504,992",,25/07/2024,"R$ 24,302.50",
,,,,8/6/2024,"503,784",,26/07/2024,"R$ 28,960.00",
,,,,8/5/2024,"477,694",,27/07/2024,"R$ 29,334.00",
,,,,8/3/2024,"479,676",,29/07/2024,"R$ 55,291.10",
,,,,8/2/2024,"474,582",,30/07/2024,"R$ 29,928.46",
,,,,8/1/2024,"486,567",,31/07/2024,"R$ 42,333.00",
,,,,7/31/2024,"478,448",,01/08/2024,"R$ 52,500.00",
,,,,7/30/2024,"481,417",,02/08/2024,"R$ 48,000.00",
,,,,7/29/2024,"488,521",,03/08/2024,"R$ 21,112.00",
,,,,7/27/2024,"430,488",,05/08/2024,"R$ 33,869.25",
,,,,7/26/2024,"444,043",,06/08/2024,"R$ 71,200.00",
,,,,7/25/2024,"454,522",,07/08/2024,"R$ 42,460.00",
,,,,7/24/2024,"483,313",,08/08/2024,"R$ 56,000.00",
,,,,7/23/2024,"500,887",,09/08/2024,"R$ 15,000.00",
,,,,7/22/2024,"486,539",,10/08/2024,"R$ 24,243.00",
,,,,7/20/2024,"485,291",,12/08/2024,"R$ 57,000.00",
,,,,7/19/2024,"500,549",,13/08/2024,"R$ 67,800.00",
,,,,7/18/2024,"468,147",,14/08/2024,"R$ 49,300.00",
,,,,7/17/2024,"462,231",,15/08/2024,"R$ 65,990.00",
,,,,7/16/2024,"466,850",,16/08/2024,"R$ 26,181.82",
,,,,7/15/2024,"477,923",,17/08/2024,"R$ 29,876.75",
,,,,7/13/2024,"461,222",,19/08/2024,"R$ 68,668.50",
,,,,7/12/2024,"470,473",,20/08/2024,"R$ 50,079.00",
,,,,7/11/2024,"464,400",,21/08/2024,"R$ 57,900.00",
,,,,7/10/2024,"491,292",,22/08/2024,"R$ 30,714.00",
,,,,7/9/2024,"471,451",,23/08/2024,"R$ 28,750.00",
,,,,7/8/2024,"479,978",,24/08/2024,"R$ 29,000.00",
,,,,7/6/2024,"510,038",,26/08/2024,"R$ 63,250.00",
,,,,7/5/2024,"469,068",,27/08/2024,"R$ 55,472.25",
,,,,7/4/2024,"468,287",,28/08/2024,"R$ 57,050.00",
,,,,7/3/2024,"521,187",,29/08/2024,"R$ 12,000.00",
,,,,7/2/2024,"523,642",,30/08/2024,"R$ 51,532.50",
,,,,7/1/2024,"497,959",,31/08/2024,"R$ 49,876.75",
,,,,6/29/2024,"464,464",,02/09/2024,"R$ 40,000.00",
,,,,6/28/2024,"470,255",,03/09/2024,"R$ 74,000.00",
,,,,6/27/2024,"472,954",,04/09/2024,"R$ 50,346.50",
,,,,6/26/2024,"926,631",,05/09/2024,"R$ 61,335.50",
,,,,6/25/2024,"494,625",,06/09/2024,"R$ 71,384.50",
,,,,6/24/2024,"481,158",,07/09/2024,"R$ 23,000.00",
,,,,6/22/2024,"483,532",,09/09/2024,"R$ 86,846.00",
,,,,6/21/2024,"481,788",,10/09/2024,"R$ 49,613.50",
,,,,6/20/2024,"472,945",,11/09/2024,"R$ 52,265.50",
,,,,6/19/2024,"489,187",,12/09/2024,"R$ 56,460.00",
,,,,6/18/2024,"489,839",,13/09/2024,"R$ 74,246.70",
,,,,6/17/2024,"485,076",,14/09/2024,"R$ 41,500.00",
,,,,6/15/2024,"453,886",,16/09/2024,"R$ 67,187.00",
,,,,6/14/2024,"475,662",,17/09/2024,"R$ 66,335.50",
,,,,6/13/2024,"482,557",,18/09/2024,"R$ 45,833.50",
,,,,6/12/2024,"470,348",,19/09/2024,"R$ 78,043.00",
,,,,6/11/2024,"498,594",,20/09/2024,"R$ 30,800.00",
,,,,6/10/2024,"476,610",,21/09/2024,"R$ 47,612.00",
,,,,6/8/2024,"459,731",,23/09/2024,"R$ 66,909.05",
,,,,6/7/2024,"476,709",,24/09/2024,"R$ 59,050.00",
,,,,6/6/2024,"479,075",,25/09/2024,"R$ 57,150.00",
,,,,6/5/2024,"489,105",,26/09/2024,"R$ 29,866.50",
,,,,6/4/2024,"489,118",,27/09/2024,"R$ 74,539.60",
,,,,6/3/2024,"486,091",,28/09/2024,"R$ 5,666.00",
,,,,6/1/2024,"463,295",,30/09/2024,"R$ 63,588.50",
,,,,5/31/2024,"478,641",,01/10/2024,"R$ 71,645.34",
,,,,5/30/2024,"460,540",,02/10/2024,"R$ 32,000.00",
,,,,5/29/2024,"488,361",,03/10/2024,"R$ 64,242.44",
,,,,5/28/2024,"495,403",,04/10/2024,"R$ 46,741.00",
,,,,5/27/2024,"490,733",,05/10/2024,"R$ 28,370.25",
,,,,5/25/2024,"485,908",,07/10/2024,"R$ 65,265.50",
,,,,5/24/2024,"482,441",,08/10/2024,"R$ 30,800.00",
,,,,5/23/2024,"486,106",,09/10/2024,"R$ 64,350.00",
,,,,5/22/2024,"496,050",,10/10/2024,"R$ 41,562.50",
,,,,5/21/2024,"494,655",,11/10/2024,"R$ 66,145.63",
,,,,5/20/2024,"491,063",,12/10/2024,"R$ 21,250.00",
,,,,5/18/2024,"476,984",,14/10/2024,"R$ 63,340.00",
,,,,5/17/2024,"482,836",,15/10/2024,"R$ 65,077.00",
,,,,5/16/2024,"484,931",,16/10/2024,"R$ 57,036.00",
,,,,5/15/2024,"504,077",,17/10/2024,"R$ 73,526.20",
,,,,5/14/2024,"500,474",,18/10/2024,"R$ 52,105.05",
,,,,5/13/2024,"506,647",,19/10/2024,"R$ 50,401.52",
,,,,5/11/2024,"476,847",,21/10/2024,"R$ 70,000.00",
,,,,5/10/2024,"480,158",,22/10/2024,"R$ 47,500.00",
,,,,5/9/2024,"481,376",,23/10/2024,"R$ 58,050.00",
,,,,5/8/2024,"478,073",,24/10/2024,"R$ 60,181.82",
,,,,5/7/2024,"484,834",,25/10/2024,"R$ 41,500.00",
,,,,5/6/2024,"491,095",,26/10/2024,"R$ 26,885.32",
,,,,5/4/2024,"474,246",,28/10/2024,"R$ 47,921.50",
,,,,5/3/2024,"489,252",,29/10/2024,"R$ 54,250.00",
,,,,5/2/2024,"478,596",,30/10/2024,"R$ 72,000.00",
,,,,5/1/2024,"454,308",,31/10/2024,"R$ 71,727.00",
,,,,4/30/2024,"482,158",,01/11/2024,"R$ 38,837.00",
,,,,4/29/2024,"486,772",,02/11/2024,"R$ 42,966.00",
,,,,4/27/2024,"475,844",,04/11/2024,"R$ 54,432.00",
,,,,4/26/2024,"477,144",,05/11/2024,"R$ 31,840.28",
,,,,4/25/2024,"473,385",,06/11/2024,"R$ 68,142.38",
,,,,4/24/2024,"480,173",,07/11/2024,"R$ 69,750.00",
,,,,4/23/2024,"477,612",,08/11/2024,"R$ 37,973.00",
,,,,4/22/2024,"483,739",,09/11/2024,"R$ 46,206.66",
,,,,4/20/2024,"481,716",,11/11/2024,"R$ 49,093.50",
,,,,4/19/2024,"486,671",,12/11/2024,"R$ 67,750.00",
,,,,4/18/2024,"484,299",,13/11/2024,"R$ 70,500.00",
,,,,4/17/2024,"474,917",,14/11/2024,"R$ 43,693.47",
,,,,4/16/2024,"490,805",,15/11/2024,"R$ 27,300.00",
,,,,4/15/2024,"484,916",,16/11/2024,"R$ 56,000.00",
,,,,4/13/2024,"469,781",,18/11/2024,"R$ 60,250.00",
,,,,4/12/2024,"478,339",,19/11/2024,"R$ 61,300.00",
,,,,4/11/2024,"479,811",,20/11/2024,"R$ 57,238.50",
,,,,4/10/2024,"489,725",,21/11/2024,"R$ 51,104.83",
,,,,4/9/2024,"493,603",,22/11/2024,"R$ 53,250.00",
,,,,4/8/2024,"505,819",,23/11/2024,"R$ 44,385.31",
,,,,4/6/2024,"480,996",,25/11/2024,"R$ 53,692.31",
,,,,4/5/2024,"485,516",,26/11/2024,"R$ 82,000.00",
,,,,4/4/2024,"494,946",,27/11/2024,"R$ 50,500.00",
,,,,4/3/2024,"493,716",,28/11/2024,"R$ 48,250.00",
,,,,4/2/2024,"399,397",,29/11/2024,"R$ 82,175.50",
,,,,4/1/2024,"438,695",,30/11/2024,"R$ 15,619.50",
,,,,3/30/2024,"421,542",,02/12/2024,"R$ 43,043.25",
,,,,3/29/2024,"438,928",,03/12/2024,"R$ 12,000.00",
,,,,3/28/2024,"457,665",,04/12/2024,"R$ 58,496.16",
,,,,3/27/2024,"482,925",,05/12/2024,"R$ 58,812.50",
,,,,3/26/2024,"484,847",,06/12/2024,"R$ 52,500.00",
,,,,3/25/2024,"492,250",,07/12/2024,"R$ 29,385.31",
,,,,3/23/2024,"489,651",,09/12/2024,"R$ 37,740.00",
,,,,3/22/2024,"499,964",,10/12/2024,"R$ 53,262.50",
,,,,3/21/2024,"484,164",,11/12/2024,"R$ 66,841.00",
,,,,3/20/2024,"482,762",,12/12/2024,"R$ 52,500.00",
,,,,3/19/2024,"492,137",,13/12/2024,"R$ 55,000.00",
,,,,3/18/2024,"714,069",,14/12/2024,"R$ 34,214.00",
,,,,3/16/2024,"469,227",,16/12/2024,"R$ 48,012.50",
,,,,3/15/2024,"473,352",,17/12/2024,"R$ 49,300.00",
,,,,3/14/2024,"478,252",,18/12/2024,"R$ 65,420.00",
,,,,3/13/2024,"491,526",,19/12/2024,"R$ 49,839.60",
,,,,3/12/2024,"486,245",,20/12/2024,"R$ 57,500.00",
,,,,3/11/2024,"486,654",,21/12/2024,"R$ 61,841.00",
,,,,3/9/2024,"470,254",,23/12/2024,"R$ 23,027.00",
,,,,3/8/2024,"472,828",,24/12/2024,"R$ 45,000.00",
,,,,3/7/2024,"482,377",,26/12/2024,"R$ 16,670.00",
,,,,3/6/2024,"485,506",,27/12/2024,"R$ 15,000.00",
,,,,3/5/2024,"488,336",,30/12/2024,R$ 0.00,
,,,,3/4/2024,"490,443",,06/01/2025,"R$ 51,562.50",
,,,,3/2/2024,"489,820",,07/01/2025,"R$ 42,833.33",
,,,,3/1/2024,"466,313",,08/01/2025,"R$ 28,000.00",
,,,,2/29/2024,"485,585",,09/01/2025,"R$ 64,197.00",
,,,,2/28/2024,"478,355",,10/01/2025,"R$ 21,250.00",
,,,,2/27/2024,"509,071",,11/01/2025,R$ 0.00,
,,,,2/26/2024,"500,997",,13/01/2025,"R$ 68,750.00",
,,,,2/24/2024,"474,387",,14/01/2025,"R$ 25,000.00",
,,,,2/23/2024,"487,371",,15/01/2025,"R$ 40,000.00",
,,,,2/22/2024,"482,204",,16/01/2025,"R$ 31,190.91",
,,,,2/21/2024,"503,889",,17/01/2025,"R$ 28,750.00",
,,,,2/20/2024,"499,566",,18/01/2025,"R$ 16,509.09",
,,,,2/19/2024,"492,840",,20/01/2025,"R$ 62,370.60",
,,,,2/17/2024,"483,526",,21/01/2025,"R$ 25,000.00",
,,,,2/16/2024,"493,257",,22/01/2025,"R$ 25,000.00",
,,,,2/15/2024,"490,819",,23/01/2025,"R$ 34,800.00",
,,,,2/14/2024,"483,523",,24/01/2025,"R$ 17,500.00",
,,,,2/13/2024,"461,228",,25/01/2025,R$ 0.00,
,,,,2/12/2024,"440,266",,27/01/2025,"R$ 56,200.00",
,,,,2/9/2024,"497,767",,28/01/2025,"R$ 58,700.00",
,,,,2/8/2024,"450,955",,29/01/2025,"R$ 14,062.50",
,,,,2/7/2024,"488,335",,30/01/2025,"R$ 53,800.00",
,,,,2/6/2024,"493,522",,31/01/2025,"R$ 38,027.63",
,,,,2/5/2024,"490,641",,01/02/2025,"R$ 7,510.06",
,,,,2/3/2024,"480,568",,03/02/2025,"R$ 40,980.33",
,,,,2/2/2024,"495,210",,04/02/2025,"R$ 46,100.00",
,,,,2/1/2024,"496,292",,05/02/2025,"R$ 49,875.00",
,,,,1/31/2024,"489,107",,06/02/2025,"R$ 63,471.63",
,,,,1/30/2024,"502,169",,07/02/2025,"R$ 25,000.00",
,,,,1/29/2024,"490,718",,08/02/2025,"R$ 33,920.00",
,,,,1/27/2024,"466,148",,10/02/2025,"R$ 24,293.25",
,,,,1/26/2024,"466,110",,11/02/2025,"R$ 39,062.50",
,,,,1/25/2024,"465,964",,12/02/2025,"R$ 36,158.13",
,,,,1/24/2024,"468,379",,13/02/2025,"R$ 49,200.00",
,,,,1/23/2024,"478,541",,14/02/2025,"R$ 21,250.00",
,,,,1/22/2024,"473,604",,15/02/2025,"R$ 25,000.00",
,,,,1/20/2024,"461,763",,17/02/2025,"R$ 43,562.50",
,,,,1/19/2024,"471,669",,18/02/2025,"R$ 33,500.00",
,,,,1/18/2024,"464,914",,19/02/2025,"R$ 20,875.00",
,,,,1/17/2024,"473,921",,20/02/2025,"R$ 59,000.00",
,,,,1/16/2024,"475,526",,21/02/2025,"R$ 10,000.00",
,,,,1/15/2024,"475,248",,24/02/2025,"R$ 54,500.00",
,,,,1/13/2024,"475,367",,25/02/2025,"R$ 36,590.00",
,,,,1/12/2024,"476,050",,26/02/2025,"R$ 68,074.34",
,,,,1/11/2024,"473,089",,27/02/2025,"R$ 45,875.00",
,,,,1/10/2024,"476,978",,28/02/2025,"R$ 32,408.13",
,,,,1/9/2024,"471,894",,01/03/2025,"R$ 12,500.00",
,,,,1/8/2024,"472,977",,03/03/2025,"R$ 11,042.00",
,,,,1/6/2024,"467,809",,06/03/2025,"R$ 14,908.13",
,,,,1/5/2024,"476,302",,07/03/2025,"R$ 7,500.00",
,,,,1/4/2024,"482,490",,08/03/2025,"R$ 12,500.00",
,,,,1/3/2024,"477,307",,10/03/2025,"R$ 64,229.12",
,,,,1/2/2024,"462,261",,11/03/2025,"R$ 52,700.00",
,,,,1/1/2024,"442,144",,12/03/2025,"R$ 43,042.00",
,,,,12/30/2023,"426,547",,13/03/2025,"R$ 62,275.00",
,,,,12/29/2023,"405,771",,14/03/2025,"R$ 75,385.30",
,,,,12/28/2023,"437,670",,15/03/2025,"R$ 52,312.50",
,,,,12/27/2023,"441,144",,17/03/2025,"R$ 53,657.69",
,,,,12/26/2023,"447,535",,18/03/2025,"R$ 72,000.00",
,,,,12/25/2023,"434,734",,19/03/2025,"R$ 41,000.00",
,,,,12/23/2023,"436,183",,20/03/2025,"R$ 63,800.12",
,,,,12/22/2023,"444,093",,21/03/2025,"R$ 63,250.00",
,,,,12/21/2023,"446,061",,22/03/2025,"R$ 44,715.82",
,,,,12/20/2023,"456,221",,24/03/2025,"R$ 63,340.00",
,,,,12/19/2023,"456,344",,25/03/2025,"R$ 64,159.13",
,,,,12/18/2023,"456,977",,26/03/2025,"R$ 69,158.13",
,,,,12/16/2023,"441,719",,27/03/2025,"R$ 49,250.00",
,,,,12/15/2023,"444,682",,28/03/2025,"R$ 28,752.12",
,,,,12/14/2023,"456,899",,29/03/2025,"R$ 48,500.00",
,,,,12/13/2023,"450,761",,31/03/2025,"R$ 58,200.00",
,,,,12/12/2023,"453,072",,01/04/2025,"R$ 56,149.79",
,,,,12/11/2023,"452,341",,02/04/2025,"R$ 43,937.50",
,,,,12/9/2023,"437,562",,03/04/2025,"R$ 37,500.00",
,,,,12/8/2023,"445,365",,04/04/2025,"R$ 40,000.00",
,,,,12/7/2023,"446,802",,05/04/2025,"R$ 36,200.00",
,,,,12/6/2023,"447,166",,07/04/2025,"R$ 28,000.00",
,,,,12/5/2023,"450,313",,08/04/2025,"R$ 32,408.13",
,,,,12/4/2023,"457,422",,09/04/2025,"R$ 44,000.00",
,,,,12/2/2023,"429,040",,10/04/2025,"R$ 39,000.00",
,,,,12/1/2023,"442,503",,11/04/2025,R$ 0.00,
,,,,11/30/2023,"453,015",,12/04/2025,"R$ 51,930.00",
,,,,11/29/2023,"361,552",,13/04/2025,"R$ 20,000.00",
,,,,11/28/2023,"437,595",,14/04/2025,"R$ 26,543.25",
,,,,11/27/2023,"431,761",,15/04/2025,"R$ 50,234.88",
,,,,11/25/2023,"421,804",,16/04/2025,"R$ 57,397.29",
,,,,11/24/2023,"417,221",,17/04/2025,"R$ 55,750.00",
,,,,11/23/2023,"440,483",,18/04/2025,"R$ 28,125.00",
,,,,11/22/2023,"431,974",,22/04/2025,"R$ 29,908.13",
,,,,11/21/2023,"435,250",,23/04/2025,"R$ 69,854.00",
,,,,11/20/2023,"408,403",,24/04/2025,"R$ 33,578.95",
,,,,11/18/2023,"409,837",,25/04/2025,"R$ 48,750.00",
,,,,11/17/2023,"415,516",,26/04/2025,"R$ 33,750.00",
,,,,11/16/2023,"417,973",,29/04/2025,"R$ 31,574.13",
,,,,11/15/2023,"405,554",,30/04/2025,"R$ 77,000.00",
,,,,11/14/2023,"430,086",,01/05/2025,R$ 0.00,
,,,,11/13/2023,"438,920",,02/05/2025,"R$ 20,000.00",
,,,,11/11/2023,"411,280",,03/05/2025,"R$ 40,000.00",
,,,,11/10/2023,"422,317",,05/05/2025,"R$ 54,615.38",
,,,,11/9/2023,"416,409",,06/05/2025,"R$ 21,578.95",
,,,,11/8/2023,"431,694",,07/05/2025,"R$ 42,120.25",
,,,,11/7/2023,"440,978",,08/05/2025,"R$ 52,000.00",
,,,,11/6/2023,"436,282",,09/05/2025,"R$ 55,408.13",
,,,,11/4/2023,"427,021",,10/05/2025,"R$ 38,600.00",
,,,,11/3/2023,"421,853",,12/05/2025,"R$ 42,375.00",
,,,,11/2/2023,"415,746",,13/05/2025,"R$ 29,307.69",
,,,,11/1/2023,"430,160",,14/05/2025,"R$ 25,000.00",
,,,,10/31/2023,"433,014",,15/05/2025,"R$ 58,920.00",
,,,,10/30/2023,"437,592",,16/05/2025,"R$ 21,250.00",
,,,,10/28/2023,"424,702",,17/05/2025,"R$ 12,555.00",
,,,,10/27/2023,"435,433",,19/05/2025,"R$ 58,250.00",
,,,,10/26/2023,"442,364",,20/05/2025,"R$ 55,250.00",
,,,,10/25/2023,"442,178",,21/05/2025,"R$ 70,000.00",
,,,,10/24/2023,"458,766",,22/05/2025,"R$ 59,908.13",
,,,,10/23/2023,"449,993",,23/05/2025,"R$ 28,750.00",
,,,,10/21/2023,"432,392",,24/05/2025,"R$ 50,805.00",
,,,,10/20/2023,"429,103",,26/05/2025,"R$ 58,333.33",
,,,,10/19/2023,"430,772",,27/05/2025,"R$ 55,500.00",
,,,,10/18/2023,"441,414",,28/05/2025,"R$ 50,550.00",
,,,,10/17/2023,"439,575",,29/05/2025,"R$ 59,066.66",
,,,,10/16/2023,"434,734",,30/05/2025,"R$ 54,750.00",
,,,,10/14/2023,"18,036",,31/05/2025,"R$ 53,055.00",
,,,,10/13/2023,"427,869",,02/06/2025,"R$ 13,043.25",
,,,,10/12/2023,"416,881",,03/06/2025,"R$ 45,927.40",
,,,,10/11/2023,"438,849",,04/06/2025,"R$ 61,667.00",
,,,,10/10/2023,"443,457",,05/06/2025,"R$ 145,900.00",
,,,,10/9/2023,"466,731",,06/06/2025,"R$ 61,000.00",
,,,,10/7/2023,"446,202",,07/06/2025,"R$ 12,555.00",
,,,,10/6/2023,"433,898",,08/06/2025,R$ 0.00,
,,,,10/5/2023,"431,755",,09/06/2025,"R$ 66,000.00",
,,,,10/4/2023,"439,224",,10/06/2025,"R$ 71,833.33",
,,,,10/3/2023,"430,141",,11/06/2025,"R$ 60,030.00",
,,,,10/2/2023,"428,361",,12/06/2025,"R$ 62,650.00",
,,,,9/29/2023,"442,145",,13/06/2025,"R$ 42,687.50",
,,,,9/28/2023,"426,209",,14/06/2025,"R$ 57,625.00",
,,,,9/27/2023,"429,977",,16/06/2025,"R$ 59,750.00",
,,,,9/26/2023,"428,764",,17/06/2025,"R$ 57,250.00",
,,,,9/25/2023,"436,178",,18/06/2025,"R$ 78,050.00",
,,,,9/23/2023,"437,004",,19/06/2025,"R$ 66,373.13",
,,,,9/22/2023,"436,404",,20/06/2025,"R$ 48,375.00",
,,,,9/21/2023,"442,323",,21/06/2025,"R$ 38,250.00",
,,,,9/20/2023,"436,544",,23/06/2025,"R$ 100,500.00",
,,,,9/19/2023,"441,797",,24/06/2025,"R$ 40,000.00",
,,,,9/18/2023,"458,437",,25/06/2025,"R$ 20,000.00",
,,,,9/15/2023,"445,967",,26/06/2025,"R$ 63,096.33",
,,,,9/14/2023,"428,860",,27/06/2025,"R$ 61,108.13",
,,,,9/13/2023,"432,326",,28/06/2025,"R$ 74,850.00",
,,,,9/12/2023,"424,690",,30/06/2025,"R$ 66,000.00",
,,,,9/11/2023,"437,883",,01/07/2025,"R$ 55,127.40",
,,,,9/8/2023,"423,414",,02/07/2025,"R$ 66,583.34",
,,,,9/7/2023,"399,893",,03/07/2025,"R$ 71,076.67",
,,,,9/6/2023,"424,212",,04/07/2025,"R$ 68,687.50",
,,,,9/5/2023,"401,681",,05/07/2025,"R$ 14,908.13",
,,,,9/4/2023,"394,824",,07/07/2025,"R$ 61,043.25",
,,,,9/1/2023,"392,953",,08/07/2025,"R$ 56,000.00",
,,,,8/31/2023,"386,189",,09/07/2025,"R$ 73,800.00",
,,,,8/30/2023,"390,122",,10/07/2025,"R$ 69,650.00",
,,,,8/29/2023,"395,307",,11/07/2025,"R$ 38,250.00",
,,,,8/28/2023,"383,447",,12/07/2025,"R$ 28,125.00",
,,,,8/25/2023,"391,381",,14/07/2025,"R$ 102,377.41",
,,,,8/24/2023,"389,093",,15/07/2025,"R$ 67,530.00",
,,,,8/23/2023,"388,560",,16/07/2025,"R$ 63,250.00",
,,,,8/22/2023,"390,470",,17/07/2025,"R$ 72,000.00",
,,,,8/21/2023,"386,263",,18/07/2025,"R$ 87,250.00",
,,,,8/18/2023,"410,728",,19/07/2025,"R$ 38,508.13",
,,,,8/17/2023,"395,480",,20/07/2025,"R$ 46,500.00",
,,,,8/16/2023,"341,659",,21/07/2025,"R$ 58,920.00",
,,,,8/15/2023,"284,686",,22/07/2025,"R$ 64,500.00",
,,,,8/14/2023,"247,826",,23/07/2025,"R$ 71,350.00",
,,,,8/12/2023,"202,699",,24/07/2025,"R$ 86,250.00",
,,,,8/11/2023,"196,138",,25/07/2025,"R$ 37,325.00",
,,,,8/10/2023,"195,832",,26/07/2025,"R$ 63,125.00",
,,,,8/9/2023,"179,646",,27/07/2025,"R$ 70,000.00",
,,,,8/8/2023,"162,909",,28/07/2025,"R$ 50,091.02",
,,,,8/7/2023,"81,037",,29/07/2025,"R$ 55,127.41",
,,,,8/5/2023,"55,174",,30/07/2025,"R$ 98,187.50",
,,,,7/29/2022,"19,864",,31/07/2025,"R$ 22,500.00",
,,,,7/28/2022,"16,625",,01/08/2025,"R$ 64,350.00",
,,,,7/27/2022,"22,207",,02/08/2025,"R$ 54,000.00",
,,,,,,,03/08/2025,"R$ 28,750.00",
,,,,,,,04/08/2025,"R$ 82,750.00",
,,,,,,,05/08/2025,"R$ 69,250.00",
,,,,,,,06/08/2025,"R$ 65,200.00",
,,,,,,,07/08/2025,"R$ 66,000.00",
,,,,,,,08/08/2025,"R$ 69,750.00",
,,,,,,,09/08/2025,"R$ 49,000.00",
,,,,,,,10/08/2025,"R$ 42,500.00",
,,,,,,,11/08/2025,"R$ 60,475.00",
,,,,,,,12/08/2025,"R$ 69,500.00",
,,,,,,,13/08/2025,"R$ 73,250.00",
,,,,,,,14/08/2025,"R$ 57,200.00",
,,,,,,,15/08/2025,"R$ 62,250.00",
,,,,,,,16/08/2025,"R$ 55,000.00",
,,,,,,,17/08/2025,"R$ 85,500.00",
,,,,,,,18/08/2025,"R$ 81,500.00",
,,,,,,,19/08/2025,"R$ 93,250.00",
,,,,,,,20/08/2025,"R$ 56,400.00",
,,,,,,,21/08/2025,"R$ 72,377.41","R$ 10,000.00"
,,,,,,,22/08/2025,"R$ 64,908.13","R$ 10,000.00"
,,,,,,,23/08/2025,"R$ 33,125.00",
,,,,,,,24/08/2025,"R$ 71,250.00",
,,,,,,,25/08/2025,"R$ 82,000.00","R$ 30,000.00"
,,,,,,,26/08/2025,"R$ 60,750.00","R$ 33,750.00"
,,,,,,,27/08/2025,"R$ 75,825.00","R$ 10,000.00"
,,,,,,,28/08/2025,"R$ 57,250.00",R$ 0.00
,,,,,,,29/08/2025,"R$ 83,158.13",R$ 0.00
,,,,,,,30/08/2025,"R$ 64,375.00",
,,,,,,,31/08/2025,"R$ 77,000.00",
,,,,,,,01/09/2025,"R$ 35,000.00",R$ 0.00
,,,,,,,02/09/2025,"R$ 76,000.00",R$ 0.00
,,,,,,,03/09/2025,"R$ 71,000.00","R$ 15,000.00"
,,,,,,,04/09/2025,"R$ 59,000.00",R$ 0.00
,,,,,,,05/09/2025,"R$ 79,375.00",R$ 0.00
,,,,,,,06/09/2025,"R$ 49,025.00",
,,,,,,,07/09/2025,"R$ 75,500.00",
,,,,,,,08/09/2025,"R$ 55,127.41",R$ 0.00
,,,,,,,09/09/2025,"R$ 54,908.13",R$ 0.00
,,,,,,,10/09/2025,"R$ 64,375.00",
,,,,,,,11/09/2025,"R$ 72,500.00","R$ 20,000.00"
,,,,,,,12/09/2025,"R$ 59,375.00",R$ 0.00
,,,,,,,13/09/2025,"R$ 61,000.00",
,,,,,,,14/09/2025,"R$ 80,000.00",
,,,,,,,15/09/2025,"R$ 71,670.00",R$ 0.00
,,,,,,,16/09/2025,"R$ 66,400.00","R$ 11,875.00"
,,,,,,,17/09/2025,"R$ 58,350.00",R$ 0.00
,,,,,,,18/09/2025,"R$ 85,250.00","R$ 11,875.00"
,,,,,,,19/09/2025,"R$ 80,500.00",R$ 0.00
,,,,,,,20/09/2025,"R$ 73,750.00",
,,,,,,,21/09/2025,"R$ 66,250.00",
,,,,,,,22/09/2025,"R$ 76,250.00",R$ 0.00
,,,,,,,23/09/2025,"R$ 48,750.00","R$ 20,250.00"
,,,,,,,24/09/2025,"R$ 80,000.00","R$ 39,250.00"
,,,,,,,25/09/2025,"R$ 69,127.41","R$ 34,250.00"
,,,,,,,26/09/2025,"R$ 91,250.00","R$ 20,750.00"
,,,,,,,27/09/2025,"R$ 62,408.13",
,,,,,,,28/09/2025,"R$ 60,000.00",
,,,,,,,29/09/2025,"R$ 47,500.00","R$ 49,000.00"
,,,,,,,30/09/2025,"R$ 80,400.00","R$ 25,000.00"
,,,,,,,01/10/2025,"R$ 61,750.00","R$ 18,750.00"
,,,,,,,02/10/2025,"R$ 55,200.00","R$ 36,125.00"
,,,,,,,03/10/2025,"R$ 73,840.00",R$ 0.00
,,,,,,,04/10/2025,"R$ 64,375.00",
,,,,,,,05/10/2025,"R$ 36,158.13",
,,,,,,,06/10/2025,"R$ 53,750.00","R$ 20,000.00"
,,,,,,,07/10/2025,"R$ 19,127.41","R$ 20,000.00"
,,,,,,,08/10/2025,"R$ 74,750.00","R$ 29,375.00"
,,,,,,,09/10/2025,"R$ 70,908.13","R$ 23,750.00"
,,,,,,,10/10/2025,"R$ 87,500.00","R$ 15,750.00"
,,,,,,,11/10/2025,"R$ 71,250.00",
,,,,,,,12/10/2025,"R$ 110,000.00",
,,,,,,,13/10/2025,"R$ 69,750.00","R$ 40,000.00"
,,,,,,,14/10/2025,"R$ 85,250.00","R$ 30,127.41"
,,,,,,,15/10/2025,"R$ 62,000.00","R$ 15,750.00"
,,,,,,,16/10/2025,"R$ 96,250.00","R$ 40,750.00"
,,,,,,,17/10/2025,"R$ 71,250.00","R$ 18,750.00"
,,,,,,,18/10/2025,"R$ 14,375.00",
,,,,,,,19/10/2025,"R$ 85,000.00",
,,,,,,,20/10/2025,"R$ 53,508.13","R$ 23,625.00"
,,,,,,,21/10/2025,"R$ 70,625.00","R$ 39,500.00"
,,,,,,,22/10/2025,"R$ 104,250.00","R$ 36,250.00"
,,,,,,,23/10/2025,"R$ 72,500.00","R$ 14,875.00"
,,,,,,,24/10/2025,"R$ 91,250.00","R$ 35,625.00"
,,,,,,,25/10/2025,"R$ 64,375.00",
,,,,,,,26/10/2025,"R$ 83,250.00",
,,,,,,,27/10/2025,"R$ 81,400.00","R$ 70,000.00"
,,,,,,,28/10/2025,"R$ 107,250.00","R$ 40,750.00"
,,,,,,,29/10/2025,"R$ 83,750.00","R$ 47,750.00"
,,,,,,,30/10/2025,"R$ 88,500.00","R$ 49,125.00"
,,,,,,,31/10/2025,"R$ 84,650.00","R$ 42,500.00"
,,,,,,,01/11/2025,"R$ 19,908.13",
,,,,,,,02/11/2025,"R$ 13,750.00",
,,,,,,,03/11/2025,"R$ 42,500.00","R$ 34,000.00"
,,,,,,,04/11/2025,R$ 0.00,R$ 0.00
,,,,,,,05/11/2025,R$ 0.00,R$ 0.00
,,,,,,,06/11/2025,R$ 0.00,R$ 0.00
,,,,,,,07/11/2025,R$ 0.00,R$ 0.00
,,,,,,,08/11/2025,R$ 0.00,
,,,,,,,09/11/2025,R$ 0.00,
,,,,,,,10/11/2025,R$ 0.00,R$ 0.00
,,,,,,,11/11/2025,R$ 0.00,R$ 0.00
,,,,,,,12/11/2025,R$ 0.00,R$ 0.00
,,,,,,,13/11/2025,R$ 0.00,R$ 0.00
,,,,,,,14/11/2025,R$ 0.00,R$ 0.00
,,,,,,,15/11/2025,R$ 0.00,
,,,,,,,16/11/2025,R$ 0.00,
,,,,,,,17/11/2025,R$ 0.00,R$ 0.00
,,,,,,,18/11/2025,R$ 0.00,R$ 0.00
,,,,,,,19/11/2025,R$ 0.00,R$ 0.00
,,,,,,,20/11/2025,R$ 0.00,R$ 0.00
,,,,,,,21/11/2025,R$ 0.00,R$ 0.00
,,,,,,,22/11/2025,R$ 0.00,
,,,,,,,23/11/2025,R$ 0.00,
,,,,,,,24/11/2025,R$ 0.00,R$ 0.00
,,,,,,,25/11/2025,R$ 0.00,R$ 0.00
,,,,,,,26/11/2025,R$ 0.00,R$ 0.00
,,,,,,,27/11/2025,R$ 0.00,R$ 0.00
,,,,,,,28/11/2025,R$ 0.00,R$ 0.00
,,,,,,,30/11/2025,R$ 0.00,
,,,,,,,01/12/2025,R$ 0.00,R$ 0.00
,,,,,,,02/12/2025,R$ 0.00,R$ 0.00
,,,,,,,03/12/2025,R$ 0.00,R$ 0.00
,,,,,,,04/12/2025,R$ 0.00,R$ 0.00
,,,,,,,05/12/2025,R$ 0.00,R$ 0.00
,,,,,,,06/12/2025,R$ 0.00,
,,,,,,,07/12/2025,R$ 0.00,
,,,,,,,08/12/2025,R$ 0.00,R$ 0.00
,,,,,,,09/12/2025,R$ 0.00,R$ 0.00
,,,,,,,10/12/2025,R$ 0.00,R$ 0.00
,,,,,,,11/12/2025,R$ 0.00,R$ 0.00
,,,,,,,12/12/2025,R$ 0.00,R$ 0.00
,,,,,,,13/12/2025,R$ 0.00,
,,,,,,,14/12/2025,R$ 0.00,
,,,,,,,15/12/2025,R$ 0.00,R$ 0.00
,,,,,,,16/12/2025,R$ 0.00,R$ 0.00
,,,,,,,17/12/2025,R$ 0.00,R$ 0.00
,,,,,,,18/12/2025,R$ 0.00,R$ 0.00
,,,,,,,19/12/2025,R$ 0.00,R$ 0.00
,,,,,,,22/12/2025,R$ 0.00,R$ 0.00
,,,,,,,23/12/2025,R$ 0.00,R$ 0.00
,,,,,,,26/12/2025,,R$ 0.00
,,,,,,,27/12/2025,,R$ 0.00
,,,,,,,29/12/2025,R$ 0.00,R$ 0.00
,,,,,,,05/01/2026,R$ 0.00,
,,,,,,,06/01/2026,R$ 0.00,
,,,,,,,07/01/2026,R$ 0.00,R$ 0.00
,,,,,,,09/01/2026,R$ 0.00,
,,,,,,,11/01/2026,R$ 0.00,
,,,,,,,12/01/2026,R$ 0.00,
,,,,,,,13/01/2026,R$ 0.00,R$ 0.00
,,,,,,,15/01/2026,,R$ 0.00
,,,,,,,19/01/2026,R$ 0.00,
,,,,,,,20/01/2026,R$ 0.00,
,,,,,,,26/01/2026,R$ 0.00,
,,,,,,,27/01/2026,R$ 0.00,
,,,,,,,28/01/2026,,R$ 0.00
,,,,,,,02/02/2026,R$ 0.00,
,,,,,,,09/02/2026,R$ 0.00,
,,,,,,,10/02/2026,R$ 0.00,
,,,,,,,23/02/2026,R$ 0.00,
,,,,,,,02/03/2026,R$ 0.00,
,,,,,,,02/04/2026,R$ 0.00,
,,,,,,,07/04/2026,R$ 0.00,
,,,,,,,05/05/2026,R$ 0.00,
,,,,,,,08/06/2026,R$ 0.00,
,,,,,,,07/07/2026,R$ 0.00,